Percentile,Threshold,Pixels,Area_km2
Top 10%,5.704562,249930,224.93699999999998
Top 5%,5.8334284,124965,112.46849999999999
Top 1%,6.404414,24993,22.4937
