{
  "AHP_weights": {
    "LST": 0.5396145502210747,
    "NDVI": 0.16342411856642794,
    "Population": 0.2969613312124973
  },
  "Entropy_weights": {
    "LST": 0.7280119654127308,
    "NDVI": 0.0484491112682395,
    "Population": 0.22353892331902964
  },
  "Combined_weights": {
    "LST": 0.5961337747785717,
    "NDVI": 0.12893161637697143,
    "Population": 0.27493460884445703
  },
  "consistency": {
    "lambda_max": 3.0092027127142806,
    "CI": 0.004601356357140318,
    "CR": 0.007933373029552273
  },
  "meta": {
    "alpha": 0.7
  }
}