criterion,mean,std
LST,0.5964602547595326,0.013876581118091315
NDVI,0.12941087190777428,0.008685038595462113
Population,0.27412887333269303,0.012111362522295308
