criterion,mean,std
LST,0.5960389851805005,0.015752150485660893
NDVI,0.12908447648083068,0.007754636716097435
Population,0.2748765383386689,0.015093706365006372
